mc,nc,kc,BW
56,56,10,1293.358379
56,56,20,1134.133955
56,56,30,1062.367174
56,56,40,1051.779936
56,56,50,1045.455031
56,56,60,1035.071124
56,56,70,1034.198006
56,56,80,1039.351312
56,56,90,1032.376500
56,56,100,1033.567220
56,56,110,1034.877494
56,56,120,1032.546938
56,56,130,1032.060543
56,56,140,1030.953110
56,56,150,1030.578703
56,56,160,1030.197694
56,56,170,1029.049275
56,56,180,1038.720880
56,56,190,1087.926568
56,56,200,1167.745527
56,56,210,1273.527646
56,56,220,1397.237020
56,56,230,1531.211779
56,56,240,1674.158517
56,56,250,1820.848582
56,56,260,1911.313867
56,56,270,1911.878378
56,56,280,1910.942457
56,56,290,1909.989483
56,56,300,1910.275928
56,56,310,1909.903685
56,56,320,1910.465378
56,56,330,1909.580921
56,56,340,1910.388394
56,56,350,1909.262183
56,56,360,1909.278951
56,56,370,1906.309694
56,56,380,1908.085553
56,56,390,1908.909101
56,56,400,1909.298930
56,56,410,1909.243872
56,56,420,1908.768529
56,56,430,1907.926438
56,56,440,1906.407466
56,56,450,1907.947362
56,56,460,1907.027891
56,56,470,1906.884059
56,56,480,1906.762185
56,56,490,1907.758218
56,56,500,1907.110826
56,56,510,1908.455103
56,56,520,1907.028285
56,56,530,1906.813989
56,56,540,1907.216718
56,56,550,1907.758513
56,56,560,1906.913910
56,56,570,1902.990806
56,56,580,1904.663126
56,56,590,1902.365712
56,56,600,1905.442821